Hash,Name
024496ee,TechPreviewPB2ClusteredShading.kidsrender
117e8f35,ScreenLayoutEditorScriptProject.kidsobjdb
19693329,CharacterEditor.kidsscndb
5e3c83de,Field_Common.kidssingletondb
60837618,CharacterEditorScriptProject.kidsobjdb
62550860,TechPreviewPB2ClusteredShading.kidsscndb
718ccb8b,CharacterEditor.shader.kidssingletondb
908ab6e2,TechPreviewCommon.kidsscndb
93fb3280,TechPreview.kidssingletondb
9869d0bf,FieldEditor4ScriptProject.kidsobjdb
bb87237c,TechPreviewScriptProject.kidsobjdb
bd13a52e,TechPreview.kidstask
c50061a2,TechPreviewShaderProject.kidsobjdb
d8307cae,EnvironmentEditorScriptProject.kidsobjdb
dab638b2,EnvironmentEditor.kidssingletondb
fb38d226,CharacterEditorBehaviorScriptProject.kidsobjdb
b3ded1cc,TechPreviewPB2ClusteredShading.kidsrender.name
8bc37a5f,ScreenLayoutEditorScriptProject.kidsobjdb.name
6ddc67f1,CharacterEditor.kidsscndb.name
b026553c,Field_Common.kidssingletondb.name
b0abb988,CharacterEditorScriptProject.kidsobjdb.name
5d7afafa,TechPreviewPB2ClusteredShading.kidsscndb.name
3f2ae42f,CharacterEditor.shader.kidssingletondb.name
4ba2d058,TechPreviewCommon.kidsscndb.name
34e0867a,TechPreview.kidssingletondb.name
7da3b395,FieldEditor4ScriptProject.kidsobjdb.name
546807a4,TechPreviewScriptProject.kidsobjdb.name
aceaddec,TechPreview.kidstask.name
ef5b543e,TechPreviewShaderProject.kidsobjdb.name
a8503632,EnvironmentEditorScriptProject.kidsobjdb.name
d867bc88,EnvironmentEditor.kidssingletondb.name
2eb0373a,CharacterEditorBehaviorScriptProject.kidsobjdb.name
0d421fe3,Field_Common.effect.kidssingletondb
208be13a,SLECommonResource.motor.kidsobjdb
22ab4c21,AutomatonEditorDocumentProject.kidsobjdb
266f8573,Field_Common.lamp.ies.kidssingletondb
285db7c7,EM3CommonResource.motor.kidssingletondb
285e0e3d,FE4CommonResource.motor.kidssingletondb
2865e466,SLECommonResource.motor.kidssingletondb
2865f72b,SQECommonResource.motor.kidssingletondb
3b94ea7f,LuminousEditor.kidssingletondb
43ae6f41,MaterialCommonResource.motor.kidsobjdb
58e86a38,SQECommonResource.motor.kidsscndb
642ef74b,SoundEditor.Common.kidssingletondb
6d011726,ProjectCommonResource.motor.kidsscndb
72a99709,ProjectShaderCache_PD.motor.kidsscndb
749c14fb,ScreenLayoutEditor.Common.sound.kidssingletondb
7db38795,MaterialCommonResource.motor.kidssingletondb
8374438a,Field_Common.kidsobjdb
97485e9b,Field_Common.character.level.kidsobjdb
b290631c,CharacterEditor.kidssingletondb
b7efa6b7,Field_Common.effect.kidsobjdb
c51a73f0,CharacterEditor.kidsobjdb
d14d76ef,Field_Common.character.level.kidssingletondb
d2ecccdf,EnvironmentCommonResource.motor.kidssingletondb
d956e4a2,MaterialEditor.kidssingletondb
e0d0b241,CharacterEditorRealtimeRigScriptProject.kidsobjdb
e65789ff,Field_Common.sound.kidssingletondb
0564770f,EventMaker3TimelineProject
08d6a6c5,EventMaker3ScriptProject
2082ad97,CE1CommonResource.motor.kidsobjdb
20adc5af,ScreenLayoutEditor.Common.texture.kidssingletondb
285cb0c3,CE1CommonResource.motor.kidssingletondb
30e25a4c,CharacterACT_Default.kidsscndb
4ae48c77,Motor_CustomResource.kidssingletondb
50cf853c,CharacterEditor.rtrig.kidssingletondb
58e0814a,FE4CommonResource.motor.kidsscndb
5ece222a,CE1EffectResource.motor.kidsscndb
a1482b4d,LuminousEditor_Common.kidsobjdb
2337a35c,Field_Common.effect.kidssingletondb.name
becdeef3,SLECommonResource.motor.kidsobjdb.name
3ee75dc2,AutomatonEditorDocumentProject.kidsobjdb.name
95120eac,Field_Common.lamp.ies.kidssingletondb.name
7882d6c0,EM3CommonResource.motor.kidssingletondb.name
78832d36,FE4CommonResource.motor.kidssingletondb.name
788b035f,SLECommonResource.motor.kidssingletondb.name
788b1624,SQECommonResource.motor.kidssingletondb.name
97375f66,LuminousEditor.kidssingletondb.name
a95d0d28,MaterialCommonResource.motor.kidsobjdb.name
f72a77f1,SQECommonResource.motor.kidsscndb.name
8e2ea0b2,SoundEditor.Common.kidssingletondb.name
dba3a05f,ProjectCommonResource.motor.kidsscndb.name
e14c2042,ProjectShaderCache_PD.motor.kidsscndb.name
0b532af4,ScreenLayoutEditor.Common.sound.kidssingletondb.name
56f7dc3c,MaterialCommonResource.motor.kidssingletondb.name
b5d18f71,Field_Common.kidsobjdb.name
fcf6fc82,Field_Common.character.level.kidsobjdb.name
cb3c8b15,CharacterEditor.kidssingletondb.name
474778f0,Field_Common.effect.kidsobjdb.name
bc1e4aa9,CharacterEditor.kidsobjdb.name
aa91cb96,Field_Common.character.level.kidssingletondb.name
69a3e2d8,EnvironmentCommonResource.motor.kidssingletondb.name
34f95989,MaterialEditor.kidssingletondb.name
4ac7e5c0,CharacterEditorRealtimeRigScriptProject.kidsobjdb.name
10573366,Field_Common.sound.kidssingletondb.name
de91b561,CharacterEditor.rdb.name
a071f28e,EventMaker3.rdb.name
f437fe16,FieldEditor4.rdb.name
bcc13c53,KIDSSystemResource.rdb.name
067a824f,RRPreview.rdb.name
8c759c7f,ScreenLayout.rdb.name
c9e4076a,SequenceEditor.rdb.name
0a603d98,system.rdb.name